title,company,location,stipend,duration,link,scraped_on
Finance Research Analyst,Edify Equity,Work from home,"₹ 1,000 - 1,100 /month",1 Month,https://internshala.com/internship/detail/work-from-home-finance-research-analyst-internship-at-edify-equity1779453377,2026-05-25 14:45
Quant Analyst,Institute Of Digital Risk,Work from home,"₹ 20,000 - 25,000 /month",3 Months,https://internshala.com/internship/detail/work-from-home-quant-analyst-internship-at-institute-of-digital-risk1779267767,2026-05-25 14:45
Generative AI Content Creator (Intern),Greater Than Educational Technologies,Hyderabad,"₹ 15,000 - 15,001 /month",6 Months,https://internshala.com/internship/detail/generative-ai-content-creator-intern-internship-in-hyderabad-at-greater-than-educational-technologies1778742532,2026-05-25 14:45
Artificial Intelligence (AI),VIZON,Work from home,"₹ 13,000 - 21,000 /month",3 Months,https://internshala.com/internship/detail/work-from-home-artificial-intelligence-ai-internship-at-vizon1775607953,2026-05-25 14:45
Artificial Intelligence (AI),SCARLET SPLENDOUR DESIGNS PVT LTD,Kolkata,"₹ 10,000 - 12,000 /month",6 Months,https://internshala.com/internship/detail/artificial-intelligence-ai-internship-in-kolkata-at-scarlet-splendour-designs-pvt-ltd1779266823,2026-05-25 14:45
Stock Market Trading (Backtesting and Research),Primetrade.ai,Work from home,"₹ 10,000 - 20,000 /month",6 Months,https://internshala.com/internship/detail/work-from-home-stock-market-trading-backtesting-and-research-internship-at-primetradeai1779688318,2026-05-25 14:45
Data Analytics,Happiness Plans,Indore,"₹ 10,000 /month",3 Months,https://internshala.com/internship/detail/data-analytics-internship-in-indore-at-happiness-plans1779279535,2026-05-25 14:45
AI Academic Coordinator,Referencified Tech Private Limited,Work from home,"₹ 2,999 - 3,000 /month",6 Months,https://internshala.com/internship/detail/work-from-home-ai-academic-coordinator-internship-at-referencified-tech-private-limited1779682023,2026-05-25 14:45
AI Creative Content Creator,Wizfactory,Work from home,"₹ 10,000 /month",3 Months,https://internshala.com/internship/detail/work-from-home-ai-creative-content-creator-internship-at-wizfactory1779682154,2026-05-25 14:45
Market Research & Strategy,Axeron Services LLP,Indore,"₹ 10,000 /month",6 Months,https://internshala.com/internship/detail/market-research-strategy-internship-in-indore-at-axeron-services-llp1778154350,2026-05-25 14:45
N/A,N/A,N/A,N/A,N/A,N/A,2026-05-25 14:45
International Business & AI Driven Sales,Abhishek Agrawal,Ahmedabad,"₹ 10,000 - 15,000 /month",6 Months,https://internshala.com/internship/detail/part-time-international-business-ai-driven-sales-internship-in-ahmedabad-at-abhishek-agrawal1778742901,2026-05-25 14:45
STEM Educator - AI & Robotics,ChetnaVerse AI Systems LLP,Delhi,"₹ 3,000 - 5,000 /month",3 Months,https://internshala.com/internship/detail/stem-educator-ai-robotics-internship-in-delhi-at-chetnaverse-ai-systems-llp1779695075,2026-05-25 14:45
AI Systems & Creative Operations (Malayalam),MUHAMMED MUBASHIR,Work from home,"₹ 3,000 /month",3 Months,https://internshala.com/internship/detail/work-from-home-ai-systems-creative-operations-malayalam-internship-at-muhammed-mubashir1779694150,2026-05-25 14:45
Generative AI,Dinesh Kumar,Work from home,"₹ 7,000 - 12,000 /month",6 Months,https://internshala.com/internship/detail/work-from-home-generative-ai-internship-at-dinesh-kumar1779689973,2026-05-25 14:45
AI Full-Stack Developer,Pnova Innovations Private Limited,Work from home,"₹ 1,500 - 2,000 /month",3 Months,https://internshala.com/internship/detail/work-from-home-ai-full-stack-developer-internship-at-pnova-innovations-private-limited1779688688,2026-05-25 14:45
Data Coordination with Marketing Exposure,Future Face Tech Pvt Ltd,Mumbai,"₹ 5,000 - 8,000 /month",3 Months,https://internshala.com/internship/detail/data-coordination-with-marketing-exposure-internship-in-mumbai-at-future-face-tech-pvt-ltd1779425608,2026-05-25 14:45
Data Collection and Analytics,Aasmaan Foundation,Ahmedabad,Unpaid,1 Month,https://internshala.com/internship/detail/part-time-data-collection-and-analytics-internship-in-ahmedabad-at-aasmaan-foundation1778742823,2026-05-25 14:45
Data Analytics,Prabin  Agarwal,Siliguri,"₹ 4,000 - 8,000 /month",2 Months,https://internshala.com/internship/detail/data-analytics-internship-in-siliguri-at-prabin-agarwal1778589842,2026-05-25 14:45
Digital Marketing,Clivra Tech Private Limited,"Coimbatore, Pollachi","₹ 3,000 - 6,000 /month",4 Months,https://internshala.com/internship/detail/digital-marketing-internship-in-multiple-locations-at-clivra-tech-private-limited1777444737,2026-05-25 14:45
Digital Marketing,Internbuddy,Raipur,"₹ 3,000 - 5,000 /month",6 Months,https://internshala.com/internship/detail/digital-marketing-internship-in-raipur-at-internbuddy1777365200,2026-05-25 14:45
ML Engineer,Kapidhwaj AI,Gandhinagar,Competitive stipend,6 Months,https://internshala.com/internship/detail/ml-engineer-internship-in-gandhinagar-at-kapidhwaj-ai1779698535,2026-05-25 14:45
AI/ML Engineering Intern,Daice Labs,Work from home,Competitive stipend,6 Months,https://internshala.com/internship/detail/work-from-home-ai-ml-engineering-intern-internship-at-daice-labs1779698139,2026-05-25 14:45
Artificial Intelligence (AI),NayePankh Foundation,Work from home,Unpaid,1 Month,https://internshala.com/internship/detail/work-from-home-artificial-intelligence-ai-internship-at-nayepankh-foundation1779697900,2026-05-25 14:45
GenAI Content,Vinci,Work from home,"₹ 5,000 - 20,000 /month",3 Months,https://internshala.com/internship/detail/work-from-home-genai-content-internship-at-vinci1779690630,2026-05-25 14:45
Artificial Intelligence (AI),Pivotal Teleradiology,Work from home,"₹ 3,500 /week",1 Week,https://internshala.com/internship/detail/work-from-home-artificial-intelligence-ai-internship-at-pivotal-teleradiology1779689446,2026-05-25 14:45
AI Agent Development,Primetrade.ai,Work from home,"₹ 10,000 /month",6 Months,https://internshala.com/internship/detail/work-from-home-ai-agent-development-internship-at-primetradeai1779688814,2026-05-25 14:45
Analytics (Automation + Reporting),Primetrade.ai,Work from home,"₹ 10,000 - 15,000 /month",3 Months,https://internshala.com/internship/detail/work-from-home-analytics-automation-reporting-internship-at-primetradeai1779688638,2026-05-25 14:45
Sports Analyst,Statslane,Work from home,"₹ 10,000 - 12,000 /month",4 Months,https://internshala.com/internship/detail/work-from-home-sports-analyst-internship-at-statslane1779688554,2026-05-25 14:45
Machine Learning (Modeling and Evaluation),Primetrade.ai,Work from home,"₹ 10,000 - 15,000 /month",3 Months,https://internshala.com/internship/detail/work-from-home-machine-learning-modeling-and-evaluation-internship-at-primetradeai1779688355,2026-05-25 14:45
Machine Learning,Qubixo,Work from home,"₹ 10,000 - 20,000 /month",3 Months,https://internshala.com/internship/detail/work-from-home-machine-learning-internship-at-qubixo1779686630,2026-05-25 14:45
Data Analytics,Qubixo,Work from home,"₹ 10,000 - 20,000 /month",3 Months,https://internshala.com/internship/detail/work-from-home-data-analytics-internship-at-qubixo1779686566,2026-05-25 14:45
Artificial Intelligence (AI),Reducate.ai,Work from home,"₹ 2,000 /month",2 Months,https://internshala.com/internship/detail/work-from-home-artificial-intelligence-ai-internship-at-reducateai1779633695,2026-05-25 14:45
Data Science,Maxgen Technologies Private Limited,Pune,"₹ 5,000 - 12,000 /month",3 Months,https://internshala.com/internship/detail/data-science-internship-in-pune-at-maxgen-technologies-private-limited1779624326,2026-05-25 14:45
Python Developer,Maxgen Technologies Private Limited,Ahmedabad,"₹ 5,000 - 12,000 /month",3 Months,https://internshala.com/internship/detail/python-developer-internship-in-ahmedabad-at-maxgen-technologies-private-limited1779624209,2026-05-25 14:45
MIS- Lead Handling And Data Analyst,BNM Business Solutions LLP,"Thane, Navi Mumbai, Dombivli, Mumbai, Belapur, Vashi Navi Mumbai","₹ 9,000 /month",3 Months,https://internshala.com/internship/detail/mis-lead-handling-and-data-analyst-internship-in-multiple-locations-at-bnm-business-solutions-llp1779611843,2026-05-25 14:45
Machine Learning,TwiLearn EduTech Private Limited,Work from home,"₹ 10,000 - 22,000 /month",4 Months,https://internshala.com/internship/detail/work-from-home-machine-learning-internship-at-twilearn-edutech-private-limited1779603501,2026-05-25 14:45
Data Analytics,TwiLearn EduTech Private Limited,Work from home,"₹ 10,000 - 20,000 /month",3 Months,https://internshala.com/internship/detail/work-from-home-data-analytics-internship-at-twilearn-edutech-private-limited1779603337,2026-05-25 14:45
Business Analytics,Across The Globe (ATG),Work from home,"₹ 2,600 - 12,500 /month",6 Months,https://internshala.com/internship/detail/work-from-home-business-analytics-internship-at-across-the-globe-atg1779544427,2026-05-25 14:45
Project Executive - AI Data Services,ConsultBae,Work from home,"₹ 5,000 - 8,000 /month",6 Months,https://internshala.com/internship/detail/work-from-home-project-executive-ai-data-services-internship-at-consultbae1779542607,2026-05-25 14:45
Deep Research AI Agent,International Institute Of SDGs & Public Policy Research,Work from home,Unpaid,3 Months,https://internshala.com/internship/detail/work-from-home-part-time-deep-research-ai-agent-internship-at-international-institute-of-sdgs-public-policy-research1779524399,2026-05-25 14:45
Machine Learning,Zdminds,Work from home,"₹ 10,000 - 20,000 /month",3 Months,https://internshala.com/internship/detail/work-from-home-machine-learning-internship-at-zdminds1779510735,2026-05-25 14:45
Data Science,Placemein HR Solutions,Work from home,"₹ 12,000 - 22,000 /month",6 Months,https://internshala.com/internship/detail/work-from-home-data-science-internship-at-placemein-hr-solutions1779467659,2026-05-25 14:45
Full Stack Development,Login2Xplore,Work from home,"₹ 7,500 - 9,000 lump sum",3 Months,https://internshala.com/internship/detail/work-from-home-full-stack-development-internship-at-login2xplore1779466997,2026-05-25 14:45
Data Collection & Annotation,ConsultBae,Gurgaon,"₹ 10,000 - 12,000 /month",6 Months,https://internshala.com/internship/detail/data-collection-annotation-internship-in-gurgaon-at-consultbae1779452556,2026-05-25 14:45
AI Filmmaking And Narrative Design,Chalant Media Corporation,Delhi,"₹ 10,000 - 25,000 /month",3 Months,https://internshala.com/internship/detail/ai-filmmaking-and-narrative-design-internship-in-delhi-at-chalant-media-corporation1779451621,2026-05-25 14:45
Vibe Coder,Pawzz Foundation,Gurgaon,"₹ 15,000 - 25,000 /month",4 Months,https://internshala.com/internship/detail/vibe-coder-internship-in-gurgaon-at-pawzz-foundation1779444172,2026-05-25 14:45
Data Science,Maxgen Technologies Private Limited,Ahmedabad,"₹ 5,000 - 12,000 /month",3 Months,https://internshala.com/internship/detail/part-time-data-science-internship-in-ahmedabad-at-maxgen-technologies-private-limited1779437433,2026-05-25 14:45
Python AI,Codebuddy Private Limited,Kolkata,"₹ 23,000 - 30,000 /month",4 Months,https://internshala.com/internship/detail/python-ai-internship-in-kolkata-at-codebuddy-private-limited1779434574,2026-05-25 14:45
Software Development,ALTERBASICS TECHNOLOGIES PRIVATE LIMITED,Pune,"₹ 20,000 /month",6 Months,https://internshala.com/internship/detail/software-development-internship-in-pune-at-alterbasics-technologies-private-limited1779433561,2026-05-25 14:45
ReactJS,Codebuddy Private Limited,Kolkata,"₹ 23,000 - 30,000 /month",4 Months,https://internshala.com/internship/detail/reactjs-internship-in-kolkata-at-codebuddy-private-limited1779433452,2026-05-25 14:45
Node.js,Codebuddy Private Limited,Kolkata,"₹ 23,000 - 30,000 /month",4 Months,https://internshala.com/internship/detail/nodejs-internship-in-kolkata-at-codebuddy-private-limited1779433154,2026-05-25 14:45
Data Collection - Non-Tech Role,ConsultBae,Gurgaon,"₹ 10,000 - 12,000 /month",6 Months,https://internshala.com/internship/detail/data-collection-non-tech-role-internship-in-gurgaon-at-consultbae1779424532,2026-05-25 14:45
Data Science Mentor,DevTown,Work from home,"₹ 10,000 /month",3 Months,https://internshala.com/internship/detail/work-from-home-data-science-mentor-internship-at-devtown1779393727,2026-05-25 14:45
Data Coordination Intern With Marketing Exposure,Future Face Tech Pvt Ltd,Mumbai,"₹ 5,000 - 8,000 /month",3 Months,https://internshala.com/internship/detail/data-coordination-intern-with-marketing-exposure-internship-in-mumbai-at-future-face-tech-pvt-ltd1779381593,2026-05-25 14:45
Lead Management,EDU SHIKSHAVERTEX PRIVATE LIMITED,"Chennai, Kanyakumari, Vellore","₹ 4,500 - 30,000 /month",1 Month,https://internshala.com/internship/detail/lead-management-internship-in-multiple-locations-at-edu-shikshavertex-private-limited1779367330,2026-05-25 14:45
AI Research & Innovation Lead,Namaah Pvt Ltd,Work from home,"₹ 6,000 - 10,000 /month",6 Months,https://internshala.com/internship/detail/work-from-home-ai-research-innovation-lead-internship-at-namaah-pvt-ltd1779364945,2026-05-25 14:45
Financial Market Research,Certiwisehub,Work from home,"₹ 1,500 - 2,000 /month",1 Month,https://internshala.com/internship/detail/work-from-home-part-time-financial-market-research-internship-at-certiwisehub1779357622,2026-05-25 14:45
Artificial Intelligence (AI),Samarth Adworks Studio,Jaipur,"₹ 2,000 - 5,000 /month",4 Months,https://internshala.com/internship/detail/artificial-intelligence-ai-internship-in-jaipur-at-samarth-adworks-studio1779355509,2026-05-25 14:45
Consulting,Qapita - CapTable & ESOP Management Platform,"Delhi, Hyderabad, Mumbai","₹ 18,000 - 20,000 /month",3 Months,https://internshala.com/internship/detail/consulting-internship-in-multiple-locations-at-qapita-captable-esop-management-platform1779354083,2026-05-25 14:45
AI Tools & Automation,Grivaa Consultancy Services,Work from home,"₹ 6,000 - 12,500 /month",1 Month,https://internshala.com/internship/detail/work-from-home-ai-tools-automation-internship-at-grivaa-consultancy-services1779350615,2026-05-25 14:45
Startup Research & Investment Analyst,Grivaa Consultancy Services,Work from home,"₹ 5,000 - 10,000 /month",1 Month,https://internshala.com/internship/detail/work-from-home-startup-research-investment-analyst-internship-at-grivaa-consultancy-services1779350450,2026-05-25 14:45
HR Generalist And Founders Office,Grivaa Consultancy Services,Delhi,"₹ 5,000 - 10,000 /month",1 Month,https://internshala.com/internship/detail/hr-generalist-and-founders-office-internship-in-delhi-at-grivaa-consultancy-services1779350419,2026-05-25 14:45
AI Content Assistant,Grivaa Consultancy Services,Work from home,"₹ 6,000 - 10,000 /month",2 Months,https://internshala.com/internship/detail/work-from-home-part-time-ai-content-assistant-internship-at-grivaa-consultancy-services1779350300,2026-05-25 14:45
Startup Generalist – Founder’s Office,Grivaa Consultancy Services,Work from home,"₹ 5,000 - 10,000 /month",1 Month,https://internshala.com/internship/detail/work-from-home-startup-generalist--founders-office-internship-at-grivaa-consultancy-services1779350116,2026-05-25 14:45
AI Video Editing (YouTube + Reels),Grivaa Consultancy Services,Work from home,"₹ 6,000 - 10,000 /month",2 Months,https://internshala.com/internship/detail/work-from-home-ai-video-editing-youtube-reels-internship-at-grivaa-consultancy-services1779350038,2026-05-25 14:45
Software Developer,California Burrito,Bangalore,"₹ 9,500 - 10,000 /month",4 Months,https://internshala.com/internship/detail/software-developer-internship-in-bangalore-at-california-burrito1779342548,2026-05-25 14:45
Data Analytics,Zdminds,Work from home,"₹ 10,000 - 25,000 /month",5 Months,https://internshala.com/internship/detail/work-from-home-data-analytics-internship-at-zdminds1779341450,2026-05-25 14:45
Higgsfield Expert Trainee,Confluencr,Bangalore,"₹ 12,000 - 15,000 /month",3 Months,https://internshala.com/internship/detail/higgsfield-expert-trainee-internship-in-bangalore-at-confluencr1779337045,2026-05-25 14:45
Data Analytics,Maxgen Technologies Private Limited,Ahmedabad,"₹ 5,000 - 12,000 /month",3 Months,https://internshala.com/internship/detail/data-analytics-internship-in-ahmedabad-at-maxgen-technologies-private-limited1779300245,2026-05-25 14:45
Artificial Intelligence (AI),Breakout,Work from home,"₹ 20,001 - 40,000 lump sum",1 Month,https://internshala.com/internship/detail/work-from-home-artificial-intelligence-ai-internship-at-breakout1779291349,2026-05-25 14:45
AI Agent Development,Breakout,Work from home,"₹ 20,001 - 40,000 lump sum",1 Month,https://internshala.com/internship/detail/work-from-home-ai-agent-development-internship-at-breakout1779291070,2026-05-25 14:45
Founding Engineer (Full Stack and AI),Desh AI Labs,Work from home,"₹ 20,000 - 30,000 /month",6 Months,https://internshala.com/internship/detail/work-from-home-founding-engineer-full-stack-and-ai-internship-at-desh-ai-labs1779275789,2026-05-25 14:45
Project Coordinator,ConsultBae,Gurgaon,"₹ 10,000 - 12,000 /month",6 Months,https://internshala.com/internship/detail/project-coordinator-internship-in-gurgaon-at-consultbae1779275509,2026-05-25 14:45
AI Web Development,InAmigos Foundation,Work from home,Unpaid,2 Weeks,https://internshala.com/internship/detail/work-from-home-ai-web-development-internship-at-inamigos-foundation1779271909,2026-05-25 14:45
Artificial Intelligence (AI),Vyroo Ventures Private Limited,Hyderabad,"₹ 20,000 - 30,000 /month",3 Months,https://internshala.com/internship/detail/artificial-intelligence-ai-internship-in-hyderabad-at-vyroo-ventures-private-limited1779270835,2026-05-25 14:45
Data Operations,Renan Partners,Work from home,"₹ 5,000 /month",2 Months,https://internshala.com/internship/detail/work-from-home-data-operations-internship-at-renan-partners1779267871,2026-05-25 14:45
AI Automation & App Development,Weaving Vibes,Bangalore,"₹ 20,000 - 30,000 /month",6 Months,https://internshala.com/internship/detail/ai-automation-app-development-internship-in-bangalore-at-weaving-vibes1779260621,2026-05-25 14:45
Data Science,Maxgen Technologies Private Limited,Pune,"₹ 5,000 - 12,000 /month",3 Months,https://internshala.com/internship/detail/part-time-data-science-internship-in-pune-at-maxgen-technologies-private-limited1779250160,2026-05-25 14:45
AI Research Analyst,Triluxo Technologies Private Limited,Work from home,"₹ 5,000 - 10,000 /month",6 Months,https://internshala.com/internship/detail/work-from-home-ai-research-analyst-internship-at-triluxo-technologies-private-limited1779249856,2026-05-25 14:45
Strategy,Vedron.ai,Work from home,"₹ 10,000 - 50,000 /month",3 Months,https://internshala.com/internship/detail/work-from-home-part-time-strategy-internship-at-vedronai1779192146,2026-05-25 14:45
Linguistic Annotation,Graveiens Eduservices Private Limited,Work from home,"₹ 15,000 - 25,000 /month",3 Months,https://internshala.com/internship/detail/work-from-home-part-time-linguistic-annotation-internship-at-graveiens-eduservices-private-limited1779192057,2026-05-25 14:45
Creative Process Engineer - Trainee,Confluencr,Bangalore,"₹ 15,000 - 20,000 /month",4 Months,https://internshala.com/internship/detail/creative-process-engineer-trainee-internship-in-bangalore-at-confluencr1779189968,2026-05-25 14:45
Data Analytics,Calipers Consulting Private Limited,"Secunderabad, Hyderabad","₹ 50,000 - 70,000 /month",1 Month,https://internshala.com/internship/detail/part-time-data-analytics-internship-in-multiple-locations-at-calipers-consulting-private-limited1779187880,2026-05-25 14:45
AI/ML Developer,Qriocity Ventures Private Limited,Work from home,"₹ 5,000 - 15,000 /month",3 Months,https://internshala.com/internship/detail/work-from-home-ai-ml-developer-internship-at-qriocity-ventures-private-limited1779185869,2026-05-25 14:45
Google Ads Media Buyer,"Leadscaleya (Milan, Italy)",Work from home,"₹ 16,000 - 40,000 /month",3 Months,https://internshala.com/internship/detail/work-from-home-google-ads-media-buyer-internship-at-leadscaleya1779184336,2026-05-25 14:45
Research Associate,ReAnIn,Hyderabad,"₹ 8,000 - 10,000 /month",6 Months,https://internshala.com/internship/detail/research-associate-internship-in-hyderabad-at-reanin1779177706,2026-05-25 14:45
AI Prompt Engineer – Founder’s Office,Tale Of Tails,Mumbai,"₹ 5,000 /month",3 Months,https://internshala.com/internship/detail/ai-prompt-engineer--founders-office-internship-in-mumbai-at-tale-of-tails1779176763,2026-05-25 14:45
Data Analytics,Superwork,Work from home,"₹ 26,000 - 27,500 /month",3 Months,https://internshala.com/internship/detail/work-from-home-data-analytics-internship-at-superwork1779163623,2026-05-25 14:45
Data Analytics,After Passout Private Limited,Work from home,"₹ 22,000 - 25,500 /month",3 Months,https://internshala.com/internship/detail/work-from-home-data-analytics-internship-at-after-passout-private-limited1779112519,2026-05-25 14:45
AI Movie Creator (Realistic Short Films),Warewe Consultancy Private Limited,Work from home,"₹ 6,000 - 9,000 /month",2 Months,https://internshala.com/internship/detail/work-from-home-ai-movie-creator-realistic-short-films-internship-at-warewe-consultancy-private-limited1779111927,2026-05-25 14:45
MLOps and AI Infra,"North Star Contests (Toronto, Canada)",Work from home,"₹ 22,000 - 36,000 /month",2 Months,https://internshala.com/internship/detail/work-from-home-mlops-and-ai-infra-internship-at-north-star-contests1779103791,2026-05-25 14:45
Artificial Intelligence (AI),Innovfix Private Limited,Bangalore,"₹ 10,000 /month",3 Months,https://internshala.com/internship/detail/part-time-artificial-intelligence-ai-internship-in-bangalore-at-innovfix-private-limited1779101892,2026-05-25 14:45
Accounting & Tally,"Aegis School Of Business, Data Science, Cyber Security And Telecommunication",Navi Mumbai,"₹ 5,000 - 10,000 /month",3 Months,https://internshala.com/internship/detail/accounting-tally-internship-in-navi-mumbai-at-aegis-school-of-business-data-science-cyber-security-and-telecommunication1779091412,2026-05-25 14:45
Lead Management & Pre-Sales Analyst,BNM Business Solutions LLP,"Navi Mumbai, Mumbai","₹ 9,000 /month",3 Months,https://internshala.com/internship/detail/lead-management-pre-sales-analyst-internship-in-multiple-locations-at-bnm-business-solutions-llp1779088838,2026-05-25 14:45
AI Video Creator & Editor,Brain Quest,Work from home,"₹ 5,000 - 7,000 /month",6 Months,https://internshala.com/internship/detail/work-from-home-ai-video-creator-editor-internship-at-brain-quest1779087691,2026-05-25 14:45
Data Scraping & Management,The ProEducator,Work from home,"₹ 9,000 lump sum",1 Month,https://internshala.com/internship/detail/work-from-home-part-time-data-scraping-management-internship-at-the-proeducator1779078595,2026-05-25 14:45
Data Scientist,Maxgen Technologies Private Limited,Pune,"₹ 5,000 - 12,000 /month",3 Months,https://internshala.com/internship/detail/part-time-data-scientist-internship-in-pune-at-maxgen-technologies-private-limited1779078264,2026-05-25 14:45
Artificial Intelligence (AI),QuickHyre,Work from home,"₹ 10,000 - 18,000 /month",6 Months,https://internshala.com/internship/detail/work-from-home-part-time-artificial-intelligence-ai-internship-at-quickhyre1779077879,2026-05-25 14:45
Recommendation System,International Institute Of SDGs & Public Policy Research,Work from home,Unpaid,3 Months,https://internshala.com/internship/detail/work-from-home-part-time-recommendation-system-internship-at-international-institute-of-sdgs-public-policy-research1779077415,2026-05-25 14:45
Artificial Intelligence (AI),Gharpayy,Work from home,"₹ 3,000 - 4,000 /month",2 Months,https://internshala.com/internship/detail/work-from-home-artificial-intelligence-ai-internship-at-gharpayy1779043894,2026-05-25 14:45
Data Science,Maxgen Technologies Private Limited,Ahmedabad,"₹ 5,000 - 12,000 /month",3 Months,https://internshala.com/internship/detail/data-science-internship-in-ahmedabad-at-maxgen-technologies-private-limited1779043320,2026-05-25 14:45
Data Analytics,The ProEducator,Work from home,"₹ 3,000 - 60,000 /month",3 Months,https://internshala.com/internship/detail/work-from-home-part-time-data-analytics-internship-at-prashant-kumar-limited1779029040,2026-05-25 14:45
AI Agent Development,International Institute Of SDGs & Public Policy Research,Work from home,Unpaid,1 Month,https://internshala.com/internship/detail/work-from-home-ai-agent-development-internship-at-international-institute-of-sdgs-public-policy-research1778960368,2026-05-25 14:45
Performance Marketing,The Bombay Digital Company,Mumbai,"₹ 8,000 - 10,000 /month",6 Months,https://internshala.com/internship/detail/performance-marketing-internship-in-mumbai-at-the-bombay-digital-company1778936106,2026-05-25 14:45
AI And Coding,J D Jones & Company Private Limited,Kolkata,"₹ 12,000 - 12,001 /month",3 Months,https://internshala.com/internship/detail/ai-and-coding-internship-in-kolkata-at-j-d-jones-company-private-limited1778926412,2026-05-25 14:45
Data Science,Maxgen Technologies Private Limited,Pune,"₹ 5,000 - 12,000 /month",3 Months,https://internshala.com/internship/detail/part-time-data-science-internship-in-pune-at-maxgen-technologies-private-limited1778911709,2026-05-25 14:45
Machine Learning,Career Solutions,Chennai,"₹ 7,000 - 9,000 /month",1 Month,https://internshala.com/internship/detail/part-time-machine-learning-internship-in-chennai-at-career-solutions1778911105,2026-05-25 14:45
AI Content Generation & Automation Engineer,Tell Tale Social,Work from home,"₹ 20,000 - 25,000 /month",3 Months,https://internshala.com/internship/detail/work-from-home-ai-content-generation-automation-engineer-internship-at-tell-tale-social1778869377,2026-05-25 14:45
AI Video Editor,Eminence Studios,Work from home,"₹ 5,000 - 15,000 /month",6 Months,https://internshala.com/internship/detail/work-from-home-ai-video-editor-internship-at-eminence-studios1778844328,2026-05-25 14:45
Lead Management & Pre-Sales Analyst,BNM Business Solutions LLP,"Navi Mumbai, Mumbai","₹ 9,000 /month",3 Months,https://internshala.com/internship/detail/lead-management-pre-sales-analyst-internship-in-multiple-locations-at-bnm-business-solutions-llp1778838779,2026-05-25 14:45
Data Scientist,Maxgen Technologies Private Limited,Ahmedabad,"₹ 5,000 - 12,000 /month",3 Months,https://internshala.com/internship/detail/data-scientist-internship-in-ahmedabad-at-maxgen-technologies-private-limited1778835024,2026-05-25 14:45
Data Science,Markytics,Pune,"₹ 25,000 - 35,000 /month",6 Months,https://internshala.com/internship/detail/data-science-internship-in-pune-at-markytics1778825203,2026-05-25 14:45
AI Automation Operator,Upnex Solutions,Tiruchirappalli,"₹ 7,000 - 20,000 /month",6 Months,https://internshala.com/internship/detail/ai-automation-operator-internship-in-tiruchirappalli-at-upnex-solutions1778824604,2026-05-25 14:45
Video Editing/Making,International Institute Of Data Science & Technology,Mumbai,"₹ 5,000 - 10,000 /month",6 Months,https://internshala.com/internship/detail/video-editing-making-internship-in-mumbai-at-international-institute-of-data-science-technology1778823707,2026-05-25 14:45
AI Video Editor,CogniAI Private Limited,"Delhi, Gurgaon, Noida","₹ 15,000 - 20,000 /month",3 Months,https://internshala.com/internship/detail/ai-video-editor-internship-in-multiple-locations-at-cogniai-private-limited1778822447,2026-05-25 14:45
AI Sales Expert,Debattles Enterprises LLP,Work from home,"₹ 15,000 - 65,000 /month",3 Months,https://internshala.com/internship/detail/work-from-home-ai-customer-success-internship-at-debattles-enterprises-llp1778821543,2026-05-25 14:45
Content Creation and Social Media Manager,"Myfundraiser (Sydney, Australia)",Work from home,"₹ 8,000 - 12,000 /month",3 Months,https://internshala.com/internship/detail/work-from-home-ai-driven-community-content-internship-at-myfundraiser1778819530,2026-05-25 14:45
Databricks Data Engineer,"Xponent AI (Sydney, Australia)",Work from home,"₹ 15,000 - 20,000 /month",3 Months,https://internshala.com/internship/detail/work-from-home-databricks-data-engineer-internship-at-xponent-ai1778819110,2026-05-25 14:45
Artificial Intelligence (AI),Terse Job,Work from home,"₹ 6,000 - 15,000 /month",6 Months,https://internshala.com/internship/detail/work-from-home-artificial-intelligence-ai-internship-at-terse-job1778784626,2026-05-25 14:45
